id;title;description;type;status;link;notes;attachments;priority
1;withdrawal Avon rich;payment matrices payment;MEETING;DOING;Baby withdrawal Rubber;back-end;Central circuit;LOW
2;Usability Quality proactive;Home Pizza synthesizing;ACTIVITY;DONE;web-enabled Bacon Health;driver Reduced Applications;recontextualize Fantastic Re-contextualized;URGENT
3;TCP ADP Executive;Engineer navigate;JOB;DONE;Chips;Account;THX Rustic;HIGH
4;Hat mission-critical;transparent Connecticut parse;JOB;DOING;Frozen Colombian;purple;navigate;URGENT
5;Toys;card collaboration to;ACTIVITY;DONE;definition;Franc PCI;Investor intangible;HIGH
6;Congo fuchsia Cotton;application Plastic;ACTIVITY;DONE;silver;Rupiah Guarani deposit;Alabama navigating;HIGH
7;Checking Dollar Borders;Account;ACTIVITY;TODO;Ergonomic pixel;yellow Account;Mississippi;URGENT
8;Operations;functionalities Associate index;MEETING;TODO;payment platforms;digital;microchip;MEDIUM
9;Intranet Creative;optical;JOB;TODO;vertical;Supervisor Computers THX;Fresh;URGENT
10;website Frozen Rustic;withdrawal wireless Internal;JOB;TODO;Maryland haptic Ergonomic;SCSI;Health Pants quantify;LOW
